time,d,e,x_1,x_2
0,-0.0162095796250935,-0.262196761522608,-0.262196761522608,0.10570101625948
0.1,0.0294169947351147,-0.251487678168241,-0.251487678168241,0.108356008529202
0.2,0.00371234039792306,-0.240327635485395,-0.240327635485395,0.114667686192047
0.3,0.0162640678959199,-0.228713788133108,-0.228713788133108,0.117475047324336
0.4,0.0420296206280221,-0.216797536502618,-0.216797536502618,0.120707582452586
0.5,-0.0379935824048418,-0.204474474109624,-0.204474474109624,0.125585927120122
0.6,-0.00524679239100811,-0.192102455748273,-0.192102455748273,0.121801800410654
0.7,0.0348119617746002,-0.179964527707116,-0.179964527707116,0.120868063940039
0.8,0.0265238847387348,-0.167750823643835,-0.167750823643835,0.123272182003824
0.9,-0.0166668371330644,-0.155376329383263,-0.155376329383263,0.124103499925533
1,-0.0420215952844075,-0.143162344312096,-0.143162344312096,0.120127438004579
1.1,-0.0381011257342531,-0.131483291580444,-0.131483291580444,0.113445392743156
1.2,-0.0381385967864894,-0.120455219534907,-0.120455219534907,0.107108644754801
1.3,-0.0321824803534398,-0.110062651303772,-0.110062651303772,0.10074102386007
1.4,0.0303627101326353,-0.100277832427188,-0.100277832427188,0.0949510200996622
1.5,-0.00499081706962413,-0.090768383957256,-0.090768383957256,0.0951559728774143
1.6,0.0172345632421132,-0.0814344728303371,-0.0814344728303371,0.0914933073543018
1.7,-0.0236452023479106,-0.0723668057028712,-0.0723668057028712,0.0898069590592499
1.8,0.0140648289292763,-0.0636821097530358,-0.0636821097530358,0.0838934408013071
1.9,-0.00663955877145248,-0.0554028468435219,-0.0554028468435219,0.0816527034327642
2,0.000550363790104346,-0.0474596722765282,-0.0474596722765282,0.0772039170416405
2.1,-0.0347655274562605,-0.0399280257175898,-0.0399280257175898,0.0734167504648876
2.2,0.0172345812856983,-0.0329502613643029,-0.0329502613643029,0.0661769266970225
2.3,-0.012662398459889,-0.0264315801178597,-0.0264315801178597,0.0641691491299456
2.4,0.0213146617682711,-0.0202670756076394,-0.0202670756076394,0.0591366750824324
2.5,-0.0070859250440418,-0.0144354384612927,-0.0144354384612927,0.0574696996750302
2.6,0.0404809477732201,-0.00891629732171613,-0.00891629732171613,0.0529276950424681
2.7,0.0156788596429145,-0.00361521054566063,-0.00361521054566063,0.0530482581818338
2.8,-0.0326807481893271,0.00156383377836798,0.00156383377836798,0.0505231408545526
2.9,0.0257507607113536,0.00625242159771837,0.00625242159771837,0.0433057821028791
3,0.0159517540885609,0.0105209579107043,0.0105209579107043,0.0420461696910821
3.1,-0.0255267056323427,0.0146104580479163,0.0146104580479163,0.0397404988038208
3.2,-0.012718682134044,0.0182667179022355,0.0182667179022355,0.033438264987352
3.3,0.0375261781505217,0.0213712509982263,0.0213712509982263,0.0286898425252286
3.4,-0.0375617219635268,0.0242568193367139,0.0242568193367139,0.0289934303229183
3.5,-0.0263454604749899,0.0267990437662099,0.0267990437662099,0.021924136464429
3.6,3.59424667948179e-05,0.0287108484903168,0.0287108484903168,0.0163700851440962
3.7,-0.0182378692991597,0.0302130810339146,0.0302130810339146,0.013697681600578
3.8,0.0409367609334307,0.0313660978112164,0.0313660978112164,0.00941021534309233
3.9,0.0264384779057802,0.032392625839275,0.032392625839275,0.0110894005383734
4,0.0404887306339963,0.0335073314939007,0.0335073314939007,0.0111940284348939
4.1,-0.0382666292606861,0.034697757626127,0.034697757626127,0.0125860133116001
4.2,0.0196338237898421,0.035635627474185,0.035635627474185,0.00624807910925579
4.3,0.0125968773975706,0.0362444352170748,0.0362444352170748,0.0059272800465782
4.4,0.0141337028679013,0.0367867060274499,0.0367867060274499,0.00492695579981856
4.5,-0.0175368047765467,0.0372390816535746,0.0372390816535746,0.00412744776054352
4.6,-0.0205127849388032,0.0374594349699981,0.0374594349699981,0.00032843882460296
4.7,-0.0182951065835552,0.0372999691512365,0.0372999691512365,-0.00346583302256432
4.8,0.0170077922068672,0.0367873423726426,0.0367873423726426,-0.00673878873160966
4.9,0.0157018326264461,0.0361335080450928,0.0361335080450928,-0.00633779621484807
5,0.0368108888375634,0.0355134135595584,0.0355134135595584,-0.00606259572247098
5.1,0.0044871566929716,0.0350239977024748,0.0350239977024748,-0.00375244688145672
5.2,0.00272319962404283,0.0346002753650718,0.0346002753650718,-0.00470575736058136
5.3,-0.0258070642468052,0.0340774573821487,0.0340774573821487,-0.00573255413799783
5.4,-0.0391399466484587,0.0333184494927869,0.0333184494927869,-0.00939247683416626
5.5,0.0371874116888905,0.0321449516888183,0.0321449516888183,-0.0140061805844617
5.6,0.0392554906070453,0.0309027872526193,0.0309027872526193,-0.0108685940084218
5.7,0.0339106108342547,0.029974996908021,0.029974996908021,-0.00772144596921031
5.8,0.0285558231795423,0.0293256528194474,0.0293256528194474,-0.00529241376695051
5.9,-0.00459946901465696,0.0288850724052304,0.0288850724052304,-0.00353890462424751
6,-0.0198129364974907,0.0284525681792941,0.0284525681792941,-0.00508693414480449
6.1,0.0317578117015286,0.0277984196293892,0.0277984196293892,-0.00795237753854907
6.2,-0.0325881381868881,0.0271217191865825,0.0271217191865825,-0.00560726235723709
6.3,0.0222975057956388,0.0263586647772054,0.0263586647772054,-0.0095943034546624
6.4,-0.0244836191943587,0.0254817571487581,0.0254817571487581,-0.00795835566713085
6.5,0.0288370065443752,0.0245363781431756,0.0245363781431756,-0.010902094267252
6.6,0.0289975578604925,0.0235701548678636,0.0235701548678636,-0.00844705538201083
6.7,0.0329191236404922,0.0228428083783886,0.0228428083783886,-0.00612477887270907
6.8,-0.0059456564715621,0.0223593147798791,0.0223593147798791,-0.00357506233828967
6.9,0.0281698739606675,0.0219326675884318,0.0219326675884318,-0.00493617689746994
7,-0.0180973881295642,0.0215424079649186,0.0215424079649186,-0.0028930073798269
7.1,0.0175989904520428,0.0211240970175568,0.0211240970175568,-0.0054358195281624
7.2,0.0118335984957389,0.0206363758410601,0.0206363758410601,-0.00432929430826563
7.3,-0.0404472515452814,0.0202280334011003,0.0202280334011003,-0.00384066713653215
7.4,0.00637784432610089,0.0196131397019093,0.0196131397019093,-0.00839140273776891
7.5,0.044983515686612,0.0187906708337569,0.0187906708337569,-0.00805559853602928
7.6,-0.0173272238183099,0.018190353353938,0.018190353353938,-0.00399982870688418
7.7,0.0438498850109176,0.0176776667165592,0.0176776667165592,-0.00622002732749436
7.8,0.0441571791696075,0.0172508000168647,0.0172508000168647,-0.00236515096213573
7.9,0.00439377487003421,0.0171966304484794,0.0171966304484794,0.00123421655085652
8,0.0035334557877454,0.0172946808378762,0.0172946808378762,0.000732661965261197
8.1,0.041470348310784,0.0173401436673589,0.0173401436673589,0.000183537870190863
8.2,-0.00801800500374984,0.0175174157203913,0.0175174157203913,0.00331862232391843
8.3,0.0371531086984057,0.0177544279463668,0.0177544279463668,0.00144463513474302
8.4,0.0214979817637013,0.0180307748405287,0.0180307748405287,0.00404532200613706
8.5,-0.0381903408393599,0.0184799810993466,0.0184799810993466,0.00492335210180945
8.6,-0.00363203474926587,0.0187218871656925,0.0187218871656925,-2.13137779016413e-05
8.7,0.0160595003768325,0.018656600140424,0.018656600140424,-0.00126726894932114
8.8,0.0443095711303251,0.0185676738559561,0.0185676738559561,-0.000520473574027143
8.9,0.0319823860093294,0.0186881754677246,0.0186881754677246,0.00288410455425408
9,-0.0141346707861039,0.0190753069810215,0.0190753069810215,0.00482936137733069
9.1,0.00657137363985679,0.0194238243546955,0.0194238243546955,0.00217349552176731
9.2,-0.005452891339935,0.019617247333494,0.019617247333494,0.00169967028256209
9.3,0.0270262009082866,0.0197061753680243,0.0197061753680243,9.94864232265066e-05
9.4,0.0062637597388985,0.0197993147432743,0.0197993147432743,0.00174064155716059
9.5,-0.0106161478369714,0.019948762084658,0.019948762084658,0.00125355478500976
9.6,-0.0375615665824368,0.0199689143293758,0.0199689143293758,-0.000822988911713664
9.7,-0.0272512041869174,0.0196584677182387,0.0196584677182387,-0.0053233479294286
9.8,0.00573657576633009,0.0189668152134749,0.0189668152134749,-0.00846208617545937
9.9,-0.0224876204739691,0.0181360106924969,0.0181360106924969,-0.00815122608459934
10,-0.0244561390118119,0.0171997033505754,0.0171997033505754,-0.0105353284363144
10.1,-0.0217088953779904,0.0160271610659873,0.0160271610659873,-0.0128745547425392
10.2,-0.0083825844645155,0.0146462208536393,0.0146462208536393,-0.0147082906588824
10.3,0.0402172619229723,0.0131574205593239,0.0131574205593239,-0.0150507425488031
10.4,-0.00538838814352687,0.0118759084383316,0.0118759084383316,-0.0106277969980961
10.5,0.0188492255655025,0.010800251048847,0.010800251048847,-0.0108731160720532
10.6,0.0246984137772301,0.00982162587223722,0.00982162587223722,-0.00871994313561003
10.7,0.0337395559541024,0.00908060928593601,0.00908060928593601,-0.00612876471474435
10.8,-0.00408588740807357,0.00863421841148757,0.00863421841148757,-0.00283919647837656
10.9,0.0263928227394591,0.00832068628184969,0.00832068628184969,-0.0034210745676409
11,-0.0050155036872611,0.00810039083884427,0.00810039083884427,-0.00101508038701646
11.1,0.0401746537378604,0.00795879300586994,0.00795879300586994,-0.00180516127423176
11.2,-0.00990051346031114,0.00796162550129679,0.00796162550129679,0.00181353539553426
11.3,-0.0295122639769316,0.00806820513379551,0.00806820513379551,0.000336859307326555
11.4,0.00522231403045289,0.00793727253945169,0.00793727253945169,-0.00291111124255424
11.5,-0.0439809706470659,0.00766383650603375,0.00766383650603375,-0.00256001244356459
11.6,-0.00366040955418831,0.00718529415840057,0.00718529415840057,-0.00694833230740543
11.7,-0.0450226990622809,0.00648278135317745,0.00648278135317745,-0.00709412563272002
11.8,0.0420087290601183,0.00556665689744202,0.00556665689744202,-0.0111664286584905
11.9,0.0369533417993441,0.0046853268307791,0.0046853268307791,-0.00651485315665805
12,0.00261395698388805,0.00422820089953049,0.00422820089953049,-0.00267505653437461
12.1,-0.0418122438834225,0.00397376284928547,0.00397376284928547,-0.0024150511493939
12.2,-0.0208806775891643,0.00352867642417384,0.00352867642417384,-0.00642943999008699
12.3,0.00295229463099304,0.00280107312237741,0.00280107312237741,-0.00809436252754605
12.4,0.0311664894130165,0.00203136877063649,0.00203136877063649,-0.0073038512369819
12.5,0.00305704810977447,0.00147677226279041,0.00147677226279041,-0.00382978110440331
12.6,0.0364423665798301,0.00112030497702488,0.00112030497702488,-0.00330361015312791
12.7,0.032647826518652,0.000977725988816694,0.000977725988816694,0.000403783636586342
12.8,0.0202793715368422,0.00117302558770717,0.00117302558770717,0.0034598311378994
12.9,-0.0166553737125678,0.00160110470315988,0.00160110470315988,0.00507662537859777
13,0.0108199500390829,0.00200362239182079,0.00200362239182079,0.00299808963151277
13.1,0.017356982939919,0.00233930004277384,0.00233930004277384,0.00370326325995441
13.2,-0.0259867803574842,0.00277369225483833,0.00277369225483833,0.00496414832129761
13.3,-0.0421529450197776,0.00311713722808277,0.00311713722808277,0.00194218443811688
13.4,-0.0235084378154432,0.00309087863838601,0.00309087863838601,-0.00240911658780393
13.5,-0.0384722757006703,0.00273760032790714,0.00273760032790714,-0.00462397252040261
13.6,0.0216498055004347,0.00209966822347541,0.00209966822347541,-0.00808322742554862
13.7,-0.0184194496203381,0.00142374597995308,0.00142374597995308,-0.00546450330741937
13.8,0.0141010527154828,0.000805902354833905,0.000805902354833905,-0.00686849954533925
13.9,-0.00704245151573869,0.000213030470082149,0.000213030470082149,-0.0050087952114263
14,0.0366996499254781,-0.000302732604971676,-0.000302732604971676,-0.0052983079627538
14.1,-0.0306866660733573,-0.000632136044777461,-0.000632136044777461,-0.0013397991528011
14.2,0.0294431698975558,-0.000908611609472313,-0.000908611609472313,-0.00414993747297616
14.3,0.0419022734389254,-0.0011615881216165,-0.0011615881216165,-0.000950151059986467
14.4,0.00487875933597701,-0.00104604919785212,-0.00104604919785212,0.00320456716685238
14.5,0.0248019812630199,-0.000712040250650882,-0.000712040250650882,0.00346929847175813
14.6,0.0134027994718675,-0.000256451694683799,-0.000256451694683799,0.00561013003158915
14.7,0.00428662427087964,0.000348117485967304,0.000348117485967304,0.00646481908480302
14.8,0.0305877124568724,0.000988915542267335,0.000988915542267335,0.00634736828665353
14.9,-0.0390933201775672,0.00174489056546018,0.00174489056546018,0.00873400875040345
15,-0.0334440323192266,0.00238904514786894,0.00238904514786894,0.00420411724526108
15.1,0.0368952982074719,0.0026241481165052,0.0026241481165052,0.000544777110827943
15.2,-0.0128287562321122,0.0028496533577394,0.0028496533577394,0.00391846336525662
15.3,0.00732954757761607,0.00315654578861946,0.00315654578861946,0.0022392191413979
15.4,-0.0183434261167671,0.00339955873329534,0.00339955873329534,0.00261401708578443
15.5,0.0359276935301199,0.00355301267439674,0.00355301267439674,0.00048220879905502
15.6,0.037487743438346,0.00376553970859961,0.00376553970859961,0.00372334315034501
15.7,-0.038760995396561,0.00429637105175688,0.00429637105175688,0.00684720621512223
15.8,-0.00367062453598934,0.00475475448704268,0.00475475448704268,0.002376258924819
15.9,-0.0200063716294327,0.00495349630291151,0.00495349630291151,0.00160717629964225
16,-0.0233874795560952,0.00499839312204205,0.00499839312204205,-0.000679128160095438
16.1,-0.00390560372892675,0.00480718263944368,0.00480718263944368,-0.00311106039979556
16.2,-0.0184707295343839,0.00447773601544004,0.00447773601544004,-0.00347033612542961
16.3,0.0222359961125629,0.00404369941782415,0.00404369941782415,-0.0051839296551849
16.4,-0.00850519221473359,0.00364430290175023,0.00364430290175023,-0.00283203294387784
16.5,0.0401056120245208,0.00332209232341825,0.00332209232341825,-0.0035992632461934
16.6,0.0132751268234749,0.00316359505937322,0.00316359505937322,0.000377610579404849
16.7,0.031323616691105,0.00325676956242944,0.00325676956242944,0.00147052991359878
16.8,-0.0445277298468861,0.00354251129238877,0.00354251129238877,0.00420545569523928
16.9,-0.0176367418078647,0.00372098827918095,0.00372098827918095,-0.000573677632195996
17,-0.0261598005205127,0.00357100278504722,0.00357100278504722,-0.00240042431679736
17.1,-0.0048516041579744,0.00320448579017287,0.00320448579017287,-0.00489361678309029
17.2,-0.00697150113246824,0.00270316600482527,0.00270316600482527,-0.00512550927117223
17.3,-0.00193706888263248,0.00217048076902788,0.00217048076902788,-0.00551851609935162
17.4,0.0324973525849474,0.00162585756723509,0.00162585756723509,-0.00537137156066434
17.5,0.016322741304683,0.00126429101251434,0.00126429101251434,-0.00190319172164507
17.6,-0.00986367009942867,0.00115790838544341,0.00115790838544341,-0.000245675856025947
17.7,0.00588540612693673,0.00108349037276192,0.00108349037276192,-0.00122895311200354
17.8,0.0112362458134618,0.000991489814033465,0.000991489814033465,-0.000618432176656792
17.9,-0.00427849657882718,0.000984382124617943,0.000984382124617943,0.00046193189914232
18,0.034215152562088,0.00100551866622704,0.00100551866622704,-3.27806377975349e-05
18.1,0.0368381319622821,0.00116645836263697,0.00116645836263697,0.00320703332205977
18.2,-0.00866054259127931,0.00165087469154497,0.00165087469154497,0.00643422474705212
18.3,0.0127716465967851,0.00222254710046959,0.00222254710046959,0.005013405005698
18.4,-0.0404984021432576,0.00276071107744563,0.00276071107744563,0.00573575798778025
18.5,-0.0259622133186257,0.00310764904769968,0.00310764904769968,0.00125979344279611
18.6,-0.0109131612652539,0.00309469200962759,0.00309469200962759,-0.0014822632816447
18.7,0.038114615989142,0.00289170970874846,0.00289170970874846,-0.00256130319425487
18.8,0.0390739877527834,0.0028242387210218,0.0028242387210218,0.00116278815447445
18.9,-0.0323633562601697,0.0031192054991459,0.0031192054991459,0.00468709582080113
19,-0.0329012292434044,0.00340416924902381,0.00340416924902381,0.00105819281063938
19.1,-0.0239570663095074,0.00333735789796249,0.00333735789796249,-0.00234843860629075
19.2,0.0182667867202896,0.00298712272221811,0.00298712272221811,-0.00462301682121854
19.3,-0.00461282876686352,0.002624839681194,0.002624839681194,-0.00264598702320641
19.4,-0.0184881359810972,0.00234192027193476,0.00234192027193476,-0.00300525305413896
19.5,-0.000323036877721601,0.00195765612545788,0.00195765612545788,-0.00465483204285993
19.6,0.0215950108759069,0.00150434163385831,0.00150434163385831,-0.00441093244628275
19.7,-0.0298044385716006,0.00118223181881245,0.00118223181881245,-0.00205992827181985
19.8,-0.00282853376296647,0.000836484739681255,0.000836484739681255,-0.00481539045247142
19.9,0.0238644738448932,0.000358286290852451,0.000358286290852451,-0.00474552522235098
20,-0.0128491408549703,1.7882548567901e-05,1.7882548567901e-05,-0.00209505471863481
20.1,0.012632519368475,-0.000245877854431567,-0.000245877854431567,-0.00316370585266924
20.2,-0.0084298808378025,-0.00048758684854426,-0.00048758684854426,-0.00168813528952765
20.3,-0.0279741174865888,-0.000689533136923248,-0.000689533136923248,-0.00234041011218923
20.4,-0.0251631647198446,-0.00104874947736939,-0.00104874947736939,-0.00480801985988009
20.5,0.0360128957225572,-0.0016303609525955,-0.0016303609525955,-0.00679289638735646
20.6,-0.0285536993404406,-0.00210339316658442,-0.00210339316658442,-0.00271813940201458
20.7,0.00912144271244434,-0.00249826093806762,-0.00249826093806762,-0.0051435843337484
20.8,-0.0254191091491278,-0.00294169467840635,-0.00294169467840635,-0.00374010939993192
20.9,-0.0448946844909388,-0.00341739958713578,-0.00341739958713578,-0.0057433136669665
21,-0.00991619623493002,-0.00417909646134248,-0.00417909646134248,-0.00943505038204406
21.1,-0.0262549950184305,-0.00512318697342756,-0.00512318697342756,-0.00943884206360319
21.2,0.0209318245304603,-0.00614486941018975,-0.00614486941018975,-0.010965930450037
21.3,-0.0381489963921249,-0.0070810321942915,-0.0070810321942915,-0.00779184769998646
21.4,0.00855411889426577,-0.00799768948143126,-0.00799768948143126,-0.0104975808046036
21.5,0.0286261794776841,-0.00894461580964181,-0.00894461580964181,-0.00846022131405605
21.6,0.0237133326074977,-0.00959590500924645,-0.00959590500924645,-0.0046114553529927
21.7,0.0392302845984787,-0.00989994551779619,-0.00989994551779619,-0.00150820042107844
21.8,-0.0450635335395463,-0.00982973232225091,-0.00982973232225091,0.00285371684948406
21.9,0.0132909257231266,-0.00975112011275811,-0.00975112011275811,-0.0012277055163251
22,0.0433135245106635,-0.00978058867510487,-0.00978058867510487,0.000614021994928378
22.1,0.0258911619823077,-0.00948700634071156,-0.00948700634071156,0.00519410676982458
22.2,0.0386963832756563,-0.0088391374949053,-0.0088391374949053,0.00772413562338178
22.3,-0.0140737896636829,-0.00788757403422167,-0.00788757403422167,0.0112521609204168
22.4,-0.0423270082221353,-0.00685639630729952,-0.00685639630729952,0.00938766214604951
22.5,0.0281267016493987,-0.00614428181509222,-0.00614428181509222,0.00490842035617193
22.6,-0.0262334767603365,-0.00552109986094663,-0.00552109986094663,0.00751526564256291
22.7,0.0226283570462674,-0.0049136993285743,-0.0049136993285743,0.00466568020394811
22.8,0.026070903250244,-0.00434358311648514,-0.00434358311648514,0.0067047045578389
22.9,0.0307156029237196,-0.00356230223471312,-0.00356230223471312,0.00888532586051966
23,0.00265415717169415,-0.00255092259413728,-0.00255092259413728,0.0113016197986931
23.1,0.03345981387722,-0.00144656358027524,-0.00144656358027524,0.0107832694541858
23.2,0.0180758604792184,-0.000244726953027475,-0.000244726953027475,0.0132110753322217
23.3,-0.0379643602745659,0.00111243579639786,0.00111243579639786,0.013911530271228
23.4,0.00508122240410946,0.00226079345966604,0.00226079345966604,0.00911007679094153
23.5,0.0200921372607819,0.00315481385476533,0.00315481385476533,0.00876744974964182
23.6,0.00380351855413538,0.00408682016508475,0.00408682016508475,0.00985046879847922
23.7,0.0122470157503292,0.00504127351878503,0.00504127351878503,0.00923880074658246
23.8,-0.0116495942805839,0.00597576576654382,0.00597576576654382,0.00944056658245044
23.9,-0.0167895805348056,0.00681104692602705,0.00681104692602705,0.00728681451054028
24,0.0104152164539668,0.00741246461123119,0.00741246461123119,0.00477008589131349
24.1,0.0369373657267238,0.00790316422546375,0.00790316422546375,0.00503626801740504
24.2,-0.0175160052517308,0.00854732021943823,0.00854732021943823,0.00780457109856986
24.3,-0.00691042809495671,0.00919069406009261,0.00919069406009261,0.00509369161926485
24.4,0.00466609810451273,0.00962381153861552,0.00962381153861552,0.00358516363629857
24.5,0.0275440924138568,0.00996736542865555,0.00996736542865555,0.00328702668016037
24.6,-0.00963307067913849,0.010392808236022,0.010392808236022,0.00519287140564751
24.7,0.0341155145417271,0.0108192720491613,0.0108192720491613,0.00335732647571264
24.8,-0.0188344688448474,0.0112813770378804,0.0112813770378804,0.0058477153366976
24.9,-0.000634398606627444,0.0117237737416375,0.0117237737416375,0.00303404997423076
25,-0.044800537981681,0.0119834977002778,0.0119834977002778,0.00216978905308244
25.1,0.0138085339713623,0.0119446306715047,0.0119446306715047,-0.00287947814249837
25.2,0.0450594642782411,0.0117062712182905,0.0117062712182905,-0.00189880111752614
25.3,-0.0345026684110738,0.0117147677022483,0.0117147677022483,0.00201645346787509
25.4,0.0112790539837709,0.0117119532390302,0.0117119532390302,-0.00201891118879918
25.5,-0.000815976238085695,0.0115444838857543,0.0115444838857543,-0.00133815759055787
25.6,0.0278369784987375,0.0113839213005897,0.0113839213005897,-0.00186473467342862
25.7,-0.00150194092996263,0.0113126469306182,0.0113126469306182,0.000409516050968558
25.8,0.0186137136383608,0.0113171292769053,0.0113171292769053,-0.000310308244157785
25.9,0.00688161262074946,0.0113503883348099,0.0113503883348099,0.00095829650511007
26,-0.0214120822868866,0.0114482802543183,0.0114482802543183,0.000998194137756121
26.1,0.0373975047742987,0.0114120519371746,0.0114120519371746,-0.00168665840344125
26.2,-0.0164428052353833,0.0114043424907374,0.0114043424907374,0.00149017341967942
26.3,-0.0132837993027152,0.0114396500017866,0.0114396500017866,-0.000754388138141373
26.4,-0.0123081473647288,0.0112747144130656,0.0112747144130656,-0.00251941411354645
26.5,-0.0316165874964528,0.0109454432309037,0.0109454432309037,-0.00404295062830322
26.6,0.013730861387644,0.0103766970696777,0.0103766970696777,-0.00728401635320796
26.7,-0.0329233578673896,0.00971883172708236,0.00971883172708236,-0.00588644383372205
26.8,0.0270106590255818,0.00896968975498025,0.00896968975498025,-0.00904799634181163
26.9,0.0268572197062143,0.0082104996541113,0.0082104996541113,-0.00616788305350709
27,-0.0309445144239884,0.00772897177780534,0.00772897177780534,-0.00349431159215932
27.1,-0.0111926459407379,0.00722400729711582,0.00722400729711582,-0.00655989320870566
27.2,0.0423858118788046,0.00652203849648562,0.00652203849648562,-0.00746160959400389
27.3,0.0214992337944999,0.00599597217276386,0.00599597217276386,-0.00311331385166712
27.4,-0.0150512462686461,0.00578706837480686,0.00578706837480686,-0.00109000041415294
27.5,0.0412176058248088,0.00559505946494656,0.00559505946494656,-0.0027267530681406
27.6,-0.0131731257093148,0.00552022536344083,0.00552022536344083,0.00117861987765319
27.7,-0.027832228591785,0.00555585032748491,0.00555585032748491,-0.000444770954832209
27.8,-0.0101879297002822,0.0053641534223828,0.0053641534223828,-0.00334884638152964
27.9,-0.000796721681747543,0.00497994025252984,0.00497994025252984,-0.00431927548289416
28,0.031168368556273,0.00454918671927049,0.00454918671927049,-0.00429256185637218
28.1,-0.00712556754696236,0.0042776294858617,0.0042776294858617,-0.00117785184606199
28.2,-0.0140741021569008,0.00411943455813588,0.00411943455813588,-0.00197411102219419
28.3,-0.0379544203181722,0.00385134380447205,0.00385134380447205,-0.00336689840109743
28.4,-0.0338081138489134,0.00333393172113534,0.00333393172113534,-0.00692952703395433
28.5,-0.0205655839165972,0.0024958603756261,0.0024958603756261,-0.00978681663111432
28.6,-0.0240412754710063,0.00144991377848786,0.00144991377848786,-0.0111058116382826
28.7,0.023113918597269,0.000262939646588062,0.000262939646588062,-0.0126038053319837
28.8,0.0189158959138139,-0.000835472698999219,-0.000835472698999219,-0.00939803453231261
28.9,-0.0342351093872366,-0.00164381226760994,-0.00164381226760994,-0.0067967072783694
29,-0.0417087683947841,-0.00245909394456919,-0.00245909394456919,-0.00946653259881949
29.1,-0.0298153362619618,-0.00356513652911588,-0.00356513652911588,-0.0126032765242163
29.2,0.00826976524530101,-0.00491180311320665,-0.00491180311320665,-0.0142962587474629
29.3,0.0245312129155931,-0.00623238957719096,-0.00623238957719096,-0.0121333069889393
29.4,0.0172978807648093,-0.00726291691929306,-0.00726291691929306,-0.00851687432089074
29.5,0.0143312168574903,-0.00797887676940843,-0.00797887676940843,-0.00583215489523124
29.6,0.0407997558961752,-0.00844973493502612,-0.00844973493502612,-0.00361070578911092
29.7,0.0430412877736927,-0.00857730402357019,-0.00857730402357019,0.000998921682124941
29.8,-0.0313248496572163,-0.00825101529439526,-0.00825101529439526,0.00546458810094184
29.9,0.0220893331744078,-0.00785866754708822,-0.00785866754708822,0.00241969832305629
30,0.00621638841795794,-0.00749967723471021,-0.00749967723471021,0.00472635908638087
30.1,0.0142752116433395,-0.00699732257316406,-0.00699732257316406,0.00530878185066756
30.2,0.0439511452708164,-0.00640103910335424,-0.00640103910335424,0.00659477108083861
30.3,-0.00403945616322494,-0.00553827939940856,-0.00553827939940856,0.0105998295187563
30.4,0.00112535949244489,-0.00452661895814014,-0.00452661895814014,0.00963777713445168
30.5,-0.0143693124650902,-0.00358466256742401,-0.00358466256742401,0.00919934730826512
30.6,0.0167147826079359,-0.00276251537250262,-0.00276251537250262,0.00726257076008876
30.7,0.0305327678245381,-0.00197705220637754,-0.00197705220637754,0.00842465184478217
30.8,0.019292318911362,-0.0010146563929544,-0.0010146563929544,0.0107837876150351
30.9,0.0402122899057029,0.000117221811203471,0.000117221811203471,0.0118303888496123
31,-0.0311994291737965,0.00144866802621078,0.00144866802621078,0.0147485294487846
31.1,-0.000429822715419707,0.00270950662738839,0.00270950662738839,0.0105141969850915
31.2,-0.0119930520478607,0.00371044120470629,0.00371044120470629,0.00950954973483821
31.3,-0.0434628571856285,0.00455618771177004,0.00455618771177004,0.00742611349982898
31.4,-0.0102237538351484,0.00504664288743141,0.00504664288743141,0.00244531757894752
31.5,0.0318668421481849,0.00521940980313072,0.00521940980313072,0.00102748659168983
31.6,0.0440371418431638,0.00546047618930611,0.00546047618930611,0.00375545716893192
31.7,-0.043905955890262,0.00602214411938341,0.00602214411938341,0.00742430013474756
31.8,-0.0114735825062373,0.0065067008794842,0.0065067008794842,0.00233071572191556
31.9,-0.0197950584359386,0.00665882669927162,0.00665882669927162,0.00073185244428702
32,-0.0163009996463908,0.00661654933979916,0.00661654933979916,-0.00154666527174928
32.1,-0.00146505654184995,0.00637258786447069,0.00637258786447069,-0.00330705795928451
32.2,-0.00275903012577803,0.00603238985426794,0.00603238985426794,-0.00349160653226862
32.3,0.038489421337164,0.00566900045301193,0.00566900045301193,-0.00376944853622762
32.4,-0.033658817701897,0.00548058326593558,0.00548058326593558,-4.69612404256671e-05
32.5,0.021753814071608,0.00529890941253576,0.00529890941253576,-0.00353844599116083
32.6,-0.0018076186562435,0.00505211801930169,0.00505211801930169,-0.00142352595224216
32.7,0.0192951126187892,0.00489433144466504,0.00489433144466504,-0.00172684617084699
32.8,0.0392120904668356,0.00481051545685192,0.00481051545685192,2.78278081628125e-05
32.9,0.0296232830250175,0.00499233653317596,0.00499233653317596,0.0035599803848678
33,-0.0193121099246656,0.00546621698876486,0.00546621698876486,0.00588270825236994
33.1,0.00321331284481482,0.00592380104768627,0.00592380104768627,0.0032996032805313
33.2,-0.0316650323478613,0.00624186752327921,0.00624186752327921,0.00306224076268813
33.3,-0.03082708866757,0.0063666048732633,0.0063666048732633,-0.00052075704636533
33.4,-0.0138659584566291,0.00615106155564487,0.00615106155564487,-0.00374531644881425
33.5,0.0128098962441427,0.00570896052167677,0.00570896052167677,-0.00507528614805857
33.6,-0.0204840132901145,0.00527006439738175,0.00527006439738175,-0.00371708933286391
33.7,0.000165875005140384,0.00480060600197246,0.00480060600197246,-0.00564249292525823
33.8,-0.0331883103498159,0.00424791282011432,0.00424791282011432,-0.00540986690921205
33.9,0.0169877933871919,0.00355655854624092,0.00355655854624092,-0.00837196046688406
34,-0.00370732962752059,0.00282667402405307,0.00282667402405307,-0.00624796932874854
34.1,-0.043613148848919,0.00220179215507101,0.00220179215507101,-0.00624450699082662
34.2,0.0161212273781545,0.00138453095112078,0.00138453095112078,-0.0100432537417046
34.3,0.0303567188619766,0.00049522942619153,0.00049522942619153,-0.00776573482461197
34.4,0.00768928823336707,-0.000103922195696939,-0.000103922195696939,-0.00425906322596534
34.5,-0.0409502176155398,-0.000475217869982255,-0.000475217869982255,-0.00317816898915914
34.6,-0.011675215149879,-0.000978559389685603,-0.000978559389685603,-0.00683569702391285
34.7,-0.0339047511754731,-0.00168939884437934,-0.00168939884437934,-0.00736806981636526
34.8,-0.00107100999325452,-0.00255782644321987,-0.00255782644321987,-0.00995870160323675
34.9,-0.00081586004987739,-0.00351309394743199,-0.00351309394743199,-0.00914947839442319
35,-0.0251658402073566,-0.00438708953207911,-0.00438708953207911,-0.00833402355550826
35.1,0.00351636243196611,-0.00529917249406579,-0.00529917249406579,-0.00987942853437188
35.2,-0.0250337890693022,-0.00621782840356962,-0.00621782840356962,-0.00850436958775862
35.3,-0.0433083678422277,-0.00714117067707609,-0.00714117067707609,-0.00993569604531813
35.4,0.0284272648194168,-0.00828865566488438,-0.00828865566488438,-0.0129640609381158
35.5,0.0197690941866861,-0.00937498839126474,-0.00937498839126474,-0.0088089458859668
35.6,-0.0134478837941791,-0.0101018261831917,-0.0101018261831917,-0.00576237647491683
35.7,-0.0137362763073572,-0.0106960259053064,-0.0106960259053064,-0.00611200443283847
35.8,-0.0450743370641867,-0.0113237560991714,-0.0113237560991714,-0.00643308712226248
35.9,0.0225074980423233,-0.0121333213484776,-0.0121333213484776,-0.00970780610494409
36,-0.0290946066665624,-0.0129264304097628,-0.0129264304097628,-0.00619461143875752
36.1,0.0249733038499258,-0.0136314181019632,-0.0136314181019632,-0.00787683663007537
36.2,-0.0240471642010267,-0.0142330616446141,-0.0142330616446141,-0.00420004744085321
36.3,0.0182803515329005,-0.0147187751601431,-0.0147187751601431,-0.00549293580582974
36.4,-0.0305348192994294,-0.0151214359958607,-0.0151214359958607,-0.00259555948192791
36.5,-0.00624633106677119,-0.0154824945556243,-0.0154824945556243,-0.00459592975839978
36.6,0.0111512448613141,-0.015916540285292,-0.015916540285292,-0.0040881388236452
36.7,0.00735473492585423,-0.0162160905686521,-0.0162160905686521,-0.00192915877713701
36.8,-0.044179470650538,-0.016326075510257,-0.016326075510257,-0.000291460818020102
36.9,0.0429843052602488,-0.0165293647244827,-0.0165293647244827,-0.0037268218671982
37,-0.0285004347389915,-0.016637788118608,-0.016637788118608,0.00148969969812638
37.1,-0.0282644284437968,-0.0165929695172283,-0.0165929695172283,-0.000566286358083494
37.2,-0.0178260744251876,-0.0167445363312366,-0.0167445363312366,-0.00243881830426411
37.3,0.0161966426532321,-0.0170247369215485,-0.0170247369215485,-0.00315333114216198
37.4,-0.0117270457598028,-0.0172072684773086,-0.0172072684773086,-0.000530748775045907
37.5,0.0320144473862764,-0.017273435865926,-0.017273435865926,-0.000788609269077501
37.6,0.0434946946903727,-0.0171513013401907,-0.0171513013401907,0.00317739874048113
37.7,-0.0259008425223371,-0.0165927525715138,-0.0165927525715138,0.00792560890156664
37.8,-0.0382789977710022,-0.0159173856261774,-0.0159173856261774,0.00560701847245217
37.9,0.0445522239127337,-0.015526551652975,-0.015526551652975,0.00225115169272967
38,0.0103651996354906,-0.0150557520683161,-0.0150557520683161,0.00709631076537981
38.1,-0.0137611809607531,-0.014287241820811,-0.014287241820811,0.00825207891562388
38.2,-0.0257375670067433,-0.013527049474598,-0.013527049474598,0.00696262694473333
38.3,-0.0244896769717279,-0.0129508184995455,-0.0129508184995455,0.00458884309384847
38.4,-1.89210214199536e-05,-0.0125978574666033,-0.0125978574666033,0.0024953511917416
38.5,0.0124441467131421,-0.0123276760793953,-0.0123276760793953,0.00290062116952611
38.6,-0.00101293262305598,-0.0119585752047827,-0.0119585752047827,0.00445756012242007
38.7,-0.0434063141220113,-0.0115063675768038,-0.0115063675768038,0.00458117582004682
38.8,-0.0326984393911718,-0.0112497305072828,-0.0112497305072828,0.000602479445747267
38.9,0.0429449040775068,-0.0113236522069058,-0.0113236522069058,-0.00204499565263507
39,-0.0337278827915829,-0.0112834396553535,-0.0112834396553535,0.0027845142581317
39.1,-0.0197279809062714,-0.0111527610815756,-0.0111527610815756,-0.000133127520950133
39.2,0.0200330915345896,-0.0112344242969742,-0.0112344242969742,-0.00148147720177733
39.3,0.0427047679994691,-0.0112518353714765,-0.0112518353714765,0.00109899247407597
39.4,0.0169338522282104,-0.010911066489613,-0.010911066489613,0.00565282409113715
39.5,0.0405538225807923,-0.0102592815705003,-0.0102592815705003,0.00735474918096329
39.6,-0.0162488533740161,-0.0093306914812346,-0.0093306914812346,0.0111585935662868
39.7,-0.0427024507883113,-0.00831557311992599,-0.00831557311992599,0.00916193820635572
39.8,-0.0288971640265709,-0.00762340993337701,-0.00762340993337701,0.00473459245105716
39.9,0.0204945896564153,-0.00729087081286563,-0.00729087081286563,0.00195054176737183
40,0.00635637286386426,-0.00698607489214886,-0.00698607489214886,0.00411398904591983
40.1,0.0145969097208687,-0.0065430913416801,-0.0065430913416801,0.00473372685352901
40.2,0.043617983334957,-0.00600156688657588,-0.00600156688657588,0.00607437329183718
40.3,0.0272116441986692,-0.00519137188508393,-0.00519137188508393,0.0100695036697195
40.4,0.0260544342664018,-0.00407937231438569,-0.00407937231438569,0.0121336970676267
40.5,0.00289368135717868,-0.00277749824774184,-0.00277749824774184,0.0138697863224743
40.6,0.0304116874521344,-0.00142481507326619,-0.00142481507326619,0.0131817790510551
40.7,0.00403008813672387,-7.55173420044028e-06,-7.55173420044028e-06,0.0151257562274115
40.8,-0.018345152737931,0.00146452549195757,0.00146452549195757,0.0143143407934477
40.9,0.0118722062704977,0.00274619802977304,0.00274619802977304,0.0113479834123661
41,-0.0311589086487515,0.00388698458608457,0.00388698458608457,0.0114567905325206
41.1,0.0434789944539887,0.00482599882352058,0.00482599882352058,0.00737016094379334
41.2,0.0448873392781174,0.0057335943381354,0.0057335943381354,0.0107293937709145
41.3,-0.039973897593429,0.00696840457541763,0.00696840457541763,0.0139140564135484
41.4,-0.0270553564156642,0.00809297254127528,0.00809297254127528,0.00863827963335477
41.5,0.0234071764138432,0.00877107791945126,0.00877107791945126,0.00496712879842029
41.6,0.0130702789286952,0.0093406275341722,0.0093406275341722,0.00640001111622626
41.7,0.0390341630513703,0.00999607038413121,0.00999607038413121,0.00669939200208631
41.8,0.0328151471356065,0.0108050393540016,0.0108050393540016,0.00943674590289903
41.9,-0.0311778181748555,0.011844622998072,0.011844622998072,0.0113211372582566
42,0.000860351044511342,0.0127511531570727,0.0127511531570727,0.00686137869515464
42.1,0.0117122598106902,0.0133831695619072,0.0133831695619072,0.00578799535758982
42.2,-0.0108775005198042,0.0139633959698946,0.0139633959698946,0.00581138580364673
42.3,-0.0401001433968346,0.0144345058298909,0.0144345058298909,0.00363589387177695
42.4,-0.0285038445949435,0.0145533340384854,0.0145533340384854,-0.00119589223200281
42.5,0.0419210867923495,0.0142643455357389,0.0142643455357389,-0.00453691993300398
42.6,-0.0443173674011683,0.0139980171916343,0.0139980171916343,-0.000836765944434562
42.7,0.043189095636261,0.0136678963117916,0.0136678963117916,-0.00569807930904044
42.8,0.0272747239247585,0.0132976914961155,0.0132976914961155,-0.00175550287595652
42.9,-0.0130376946771482,0.013229511987406,0.013229511987406,0.000364216233969806
43,0.0276580325252045,0.0131688318182121,0.0131688318182121,-0.00155176599913797
43.1,-0.024868787857203,0.0131223953084282,0.0131223953084282,0.000594800166022374
43.2,-0.0161242097944716,0.0130265323637402,0.0130265323637402,-0.00247038858525271
43.3,0.00908416420352581,0.0126791317253533,0.0126791317253533,-0.00444835477990789
43.4,-0.0400761120704953,0.0122653393552723,0.0122653393552723,-0.00383225952864912
43.5,0.00258263473486148,0.0116724377350535,0.0116724377350535,-0.00796571608366852
43.6,-0.0347468145205144,0.0108916976796803,0.0108916976796803,-0.0076468310639067
43.7,0.00152142796247418,0.00996178579700877,0.00996178579700877,-0.0109002756411653
43.8,0.0160584090538699,0.0088982540244573,0.0088982540244573,-0.0103685868610484
43.9,-0.0290563141913534,0.00795912111977611,0.00795912111977611,-0.00843206712004455
44,0.00485751789942428,0.0069886413789568,0.0069886413789568,-0.0109360520847446
44.1,-0.00605278799567625,0.00594514740706814,0.00594514740706814,-0.00993843414351525
44.2,-0.0291484558434623,0.00494688524923047,0.00494688524923047,-0.0100174369225444
44.3,-0.0111912760062684,0.00383105336185053,0.00383105336185053,-0.0122599998106553
44.4,0.0442784474985141,0.00258999851211734,0.00258999851211734,-0.0125469293450497
44.5,-0.0325718851490069,0.00159439799159783,0.00159439799159783,-0.0074250800096491
44.6,-0.0410200473656835,0.000718991871775356,0.000718991871775356,-0.0100408682372745
44.7,0.0386881555748521,-0.000446583123030531,-0.000446583123030531,-0.0132185471663141
44.8,0.0283823222388692,-0.00152649495811383,-0.00152649495811383,-0.00843448184471834
44.9,0.00167780995158775,-0.00219455246955926,-0.00219455246955926,-0.00496733279571304
45,-0.0102420061163062,-0.00265803105581147,-0.00265803105581147,-0.00430717927299636
45.1,-0.0389915580034168,-0.0031150077918949,-0.0031150077918949,-0.00482168688503966
45.2,0.0151089429447804,-0.00376020968758507,-0.00376020968758507,-0.00803413920447003
45.3,-0.00124813634739126,-0.00444899361186365,-0.00444899361186365,-0.00576604265077988
45.4,0.0414013168159638,-0.0049979228095522,-0.0049979228095522,-0.0052153105352257
45.5,0.0415572007700029,-0.0052850457754891,-0.0052850457754891,-0.000586477622922849
45.6,-0.00805305904435729,-0.00512622985352782,-0.00512622985352782,0.00370425936816471
45.7,0.00934144220068061,-0.00479725122856838,-0.00479725122856838,0.00288351561309368
45.8,0.000267784699139697,-0.00446322093729739,-0.00446322093729739,0.00378232188888423
45.9,0.0446885663013912,-0.00408786009709565,-0.00408786009709565,0.00372256380344807
46,0.0364717462192916,-0.00350294289271941,-0.00350294289271941,0.00791500353769109
46.1,-0.0278244011331003,-0.00255686571108321,-0.00255686571108321,0.0109580795218503
46.2,-0.0397823532450511,-0.00163382800178149,-0.00163382800178149,0.00754055262197974
46.3,0.0444997686258451,-0.00109940559607571,-0.00109940559607571,0.00320130221921765
46.4,-0.0360357221052027,-0.000572734021856343,-0.000572734021856343,0.00727344198353527
46.5,0.0122125143889413,-4.83072224760664e-05,-4.83072224760664e-05,0.00326418386483312
46.6,0.0418965113795352,0.000324693639508753,0.000324693639508753,0.00418050673563447
46.7,0.0107160394516296,0.000929256340549732,0.000929256340549732,0.00785669065399928
46.8,-0.0346685504704642,0.00173358762186317,0.00173358762186317,0.00821840916523456
46.9,0.0348005258812769,0.00234979607952988,0.00234979607952988,0.00415480961544989
47,-0.0285666489720843,0.00291242476065748,0.00291242476065748,0.00705441186143842
47.1,0.044741433091315,0.00344369171195366,0.00344369171195366,0.00361239633696503
47.2,-0.0451247408477617,0.0039999583950594,0.0039999583950594,0.00745703692766535
47.3,0.0294680335502994,0.00448664779535847,0.00448664779535847,0.00234091448645082
47.4,0.0278978104303958,0.00484394306835227,0.00484394306835227,0.00476962878223258
47.5,-0.0227898108555441,0.00542594220529236,0.00542594220529236,0.00683792513774037
47.6,-0.0140574988370662,0.00595842158839896,0.00595842158839896,0.00384710529022184
47.7,-0.0440640887309979,0.0062449156560324,0.0062449156560324,0.00190626805003432
47.8,0.0023272763276805,0.00619829427686245,0.00619829427686245,-0.00277587481407269
47.9,-0.0138233366021058,0.00592798535595549,0.00592798535595549,-0.00262999624657282
48,-0.0232603777256386,0.00559373273482918,0.00559373273482918,-0.00403355555559245
48.1,-0.0427307852429489,0.00507958480949296,0.00507958480949296,-0.00621601725002241
48.2,0.0179234998541209,0.00426235052188578,0.00426235052188578,-0.010070462686252
48.3,-0.00955150871707735,0.00337220485705687,0.00337220485705687,-0.00775589564830368
48.4,0.0273707476932924,0.00257275226206957,0.00257275226206957,-0.00822030184785659
48.5,-0.0274871543676164,0.0019103615906188,0.0019103615906188,-0.0050640773064249
48.6,-0.0323539045493863,0.0012856494299656,0.0012856494299656,-0.00739389400712004
48.7,0.00675873393773332,0.000415050283779727,0.000415050283779727,-0.0099763986322415
48.8,-0.0296604219181011,-0.000511041965314984,-0.000511041965314984,-0.00855666007750596
48.9,0.0224948988385242,-0.00147581274068862,-0.00147581274068862,-0.0107021081704018
49,0.0141762676259083,-0.00239039699788006,-0.00239039699788006,-0.00762301268542357
49.1,-0.0350575414055244,-0.00304757591276548,-0.00304757591276548,-0.00554282672598633
49.2,0.0362175325261114,-0.0037430410768289,-0.0037430410768289,-0.00832360192050997
49.3,-0.00313518264618754,-0.00435692101780872,-0.00435692101780872,-0.00400644687308605
49.4,0.0115193671564536,-0.00474629473775526,-0.00474629473775526,-0.00378079173626291
49.5,0.0320024638526325,-0.00504172473675148,-0.00504172473675148,-0.00214712984978905
49.6,0.0194699956854374,-0.0050798673513523,-0.0050798673513523,0.00133812258502985
49.7,0.0250672689500716,-0.00484424644011816,-0.00484424644011816,0.00334556467750587
49.8,-0.00736589035743615,-0.00438919184415316,-0.00438919184415316,0.00572007319565826
49.9,0.0330719941386615,-0.00386509473213066,-0.00386509473213066,0.00477016783548408
50,-0.0104753799965414,-0.00323666503036416,-0.00323666503036416,0.00775341045328037
50.1,0.00786909796662078,-0.00253525727613606,-0.00253525727613606,0.00628843389577218
50.2,-0.00726703377320275,-0.00188694255441358,-0.00188694255441358,0.0066674047936642
50.3,0.0413509217389815,-0.00127748679526147,-0.00127748679526147,0.00553177435753143
50.4,-0.0336227929631801,-0.000541925693854937,-0.000541925693854937,0.00912540025126477
50.5,-0.0102995238636649,0.000172003897820775,0.000172003897820775,0.00519958959041905
50.6,-0.00794358183533843,0.000620742736854724,0.000620742736854724,0.00379024023930519
50.7,0.0259947048641038,0.000944524444287235,0.000944524444287235,0.0026972696075037
50.8,0.0033746845560626,0.0013277531433534,0.0013277531433534,0.00493428225116566
50.9,-0.0398285587750364,0.00181475941509774,0.00181475941509774,0.00480352838237926
51,0.0111848311123202,0.00207774290944572,0.00207774290944572,0.000511184709199875
51.1,-0.00544661336496801,0.00217621233129916,0.00217621233129916,0.00144493245167165
51.2,0.0212052134982723,0.00228315499193816,0.00228315499193816,0.000702923637490249
51.3,-0.0395286113109276,0.00244830809422283,0.00244830809422283,0.00257381544380185
51.4,-0.00154172561624026,0.0024971025986859,0.0024971025986859,-0.00154343203927497
51.5,-0.0108664020819376,0.00233531425468614,0.00233531425468614,-0.00168904501319505
51.6,-0.00321112157091831,0.00211455147906303,0.00211455147906303,-0.0027107473374647
51.7,0.00128781652394696,0.00183347784101276,0.00183347784101276,-0.0029057825720939
51.8,0.0273798919685302,0.00155625763412496,0.00155625763412496,-0.00263985733377026
51.9,-0.0386042012972843,0.00143224469040437,0.00143224469040437,0.000123781152544625
52,0.0271282699130489,0.00125274794212382,0.00125274794212382,-0.00366174365456657
52.1,0.0334185265009132,0.00103012278574142,0.00103012278574142,-0.000826707062498071
52.2,-0.019593620420159,0.00111088881301083,0.00111088881301083,0.00239835121647738
52.3,0.019330937753887,0.00124311829864067,0.00124311829864067,0.000273470058012725
52.4,-0.0255485152369946,0.00136044179080138,0.00136044179080138,0.00204835555253561
52.5,-0.0186814132487894,0.00142947169129668,0.00142947169129668,-0.00063258476291696
52.6,-0.0235590750706894,0.00127432168626158,0.00127432168626158,-0.00244495605097077
52.7,0.02575244874068,0.000921776283408772,0.000921776283408772,-0.00457461701322411
52.8,0.0168416597973673,0.000605601878254016,0.000605601878254016,-0.0017834541028947
52.9,0.0116793722883125,0.000514845725548713,0.000514845725548713,-5.39737885929292e-05
53,-0.0025248411708948,0.00056525667175547,0.00056525667175547,0.00104709088817828
53.1,0.00556490930968462,0.000652138337409585,0.000652138337409585,0.000694519659673776
53.2,-0.0124758235220084,0.000744328114561036,0.000744328114561036,0.00114253377325017
53.3,-0.0232769113296742,0.000791504687946688,0.000791504687946688,-0.000181737425817297
53.4,-0.000764186749763984,0.000658832110389911,0.000658832110389911,-0.00244049003796246
53.5,0.0421093604976348,0.000419162390108819,0.000419162390108819,-0.00235208595839516
53.6,0.00702149492164353,0.000397242181161073,0.000397242181161073,0.00185773019396752
53.7,0.0312152509006476,0.000608838603411757,0.000608838603411757,0.00236566215621568
53.8,-0.00289277212644174,0.000986451623208977,0.000986451623208977,0.00514637316682625
53.9,-0.0258822144911421,0.00146414899845586,0.00146414899845586,0.00441336761332189
54,-0.0245660625349541,0.00175840142829036,0.00175840142829036,0.00150796989737676
54.1,0.0262237816733044,0.0017793544387528,0.0017793544387528,-0.00105491050365089
54.2,0.00842399977283753,0.00180136519359739,0.00180136519359739,0.00146138950224291
54.3,-0.0175755643667499,0.00197831244514294,0.00197831244514294,0.00206799247774535
54.4,0.00851230530748119,0.00208653083213427,0.00208653083213427,0.000121429197440174
54.5,8.87462445487319e-05,0.00213454487169474,0.00213454487169474,0.000829016423738474
54.6,0.0411315134169945,0.00220938801158609,0.00220938801158609,0.000669351686698419
54.7,0.032055768669796,0.00246848365907154,0.00246848365907154,0.0044598590526435
54.8,0.0328275772257633,0.00304675623572185,0.00304675623572185,0.00706602272104637
54.9,0.0156230835948228,0.0038776336955106,0.0038776336955106,0.00951198783276651
55,0.021002178077568,0.00485762272145771,0.00485762272145771,0.0100721569321852
55.1,-0.0120591348209532,0.00591519829695296,0.00591519829695296,0.0110574042348317
55.2,-0.0056733647464376,0.00690388955059402,0.00690388955059402,0.00873909458636592
55.3,-0.0252706913194399,0.00769864143443114,0.00769864143443114,0.00717023963364542
55.4,0.00801490822547459,0.00824542510524219,0.00824542510524219,0.00380574004426924
55.5,0.0292243143351686,0.0086298138034103,0.0086298138034103,0.00387786897790826
55.6,-0.0443099866161224,0.00912342516660166,0.00912342516660166,0.00596244888759439
55.7,0.0346668973446912,0.00945809445954984,0.00945809445954984,0.000797024581790286
55.8,-0.0176982531295074,0.00968034406027427,0.00968034406027427,0.0036086251393935
55.9,-0.011400644759402,0.00991715983399102,0.00991715983399102,0.00115838869551625
56,-0.00759663808841276,0.00994876871692115,0.00994876871692115,-0.000504303873816186
56.1,0.0311953679467056,0.00983915657984756,0.00983915657984756,-0.00167146240707512
56.2,-0.0114940420173549,0.00980654668075401,0.00980654668075401,0.000984126195680881
56.3,-0.00694875891568263,0.00982123669503168,0.00982123669503168,-0.000668413144263227
56.4,-0.0298115667575995,0.00969932981773794,0.00969932981773794,-0.0017542301066015
56.5,0.0162653935261175,0.00936217503676569,0.00936217503676569,-0.00494352941326823
56.6,0.00896097764095851,0.00894385904155025,0.00894385904155025,-0.0034393613827731
56.7,0.00531027477900534,0.00863544548077429,0.00863544548077429,-0.00273572219839776
56.8,0.0248206957170057,0.00837758012377689,0.00837758012377689,-0.00242359801914427
56.9,-0.0266869703266099,0.00824527644474134,0.00824527644474134,-0.000250351416474605
57,0.0341036035915785,0.0080712777791927,0.0080712777791927,-0.00318898777069091
57.1,-0.00831911053380818,0.00791140580644608,0.00791140580644608,-4.89886160977555e-05
57.2,-0.0129277019560001,0.00784695682346711,0.00784695682346711,-0.00122378903580019
57.3,-0.00444577399478968,0.007647423777801,0.007647423777801,-0.00274492609666827
57.4,-0.0220608651220165,0.00734359374847668,0.00734359374847668,-0.0033214551172215
57.5,-0.0314757361094857,0.00689940474755734,0.00689940474755734,-0.00552918524482704
57.6,0.0260747910328391,0.00619847578821176,0.00619847578821176,-0.00844467744227751
57.7,0.0260375287498686,0.0054994080908094,0.0054994080908094,-0.00556919316814986
57.8,0.00560318605982539,0.00507797726848643,0.00507797726848643,-0.00289161462589899
57.9,-0.00836469387892177,0.0048152256826383,0.0048152256826383,-0.00236820673618736
58,-0.00466628206054234,0.00453538803097719,0.00453538803097719,-0.00321492412849438
58.1,-0.00265265513123303,0.00419292696329019,0.00419292696329019,-0.00362596260777686
58.2,0.022666973844663,0.00382163042669889,0.00382163042669889,-0.00379462509045601
58.3,0.00543786928392633,0.00355827932031814,0.00355827932031814,-0.00150078881444218
58.4,-0.0186476411321396,0.00343197485019762,0.00343197485019762,-0.00103051871940875
58.5,-0.0370087507384131,0.0032339044453677,0.0032339044453677,-0.00290425419053227
58.6,0.0334214943575546,0.00276702300063768,0.00276702300063768,-0.00638309676566994
58.7,0.036497854086898,0.00231002689908821,0.00231002689908821,-0.00280078408803611
58.8,0.0442532249348907,0.00221310625844409,0.00221310625844409,0.000814966034303039
58.9,0.0366927536681861,0.00250136962722717,0.00250136962722717,0.00489351528346353
59,0.0395211224690778,0.00314377327236513,0.00314377327236513,0.00790899556462089
59.1,-0.0166474334312589,0.0040879399968033,0.0040879399968033,0.0109262387293225
59.2,0.0189909659050333,0.00504615052565789,0.00504615052565789,0.00826546604402845
59.3,-0.0194004079473898,0.00591999156864222,0.00591999156864222,0.00919172215454754
59.4,0.0103891250714128,0.00669378796777887,0.00669378796777887,0.00631610158332622
59.5,-0.0201150379801939,0.00733456498289428,0.00733456498289428,0.00649175682478277
59.6,-0.0351594495292797,0.00784217768066027,0.00784217768066027,0.00369357840740467
59.7,0.0126028432837756,0.00800663605951566,0.00800663605951566,-0.000351839147978229
59.8,-0.000293129270511764,0.00801470712039269,0.00801470712039269,0.000501810430996743
59.9,-0.00229662786249252,0.00804196159387342,0.00804196159387342,4.90885768450115e-05
60,0.0257623949183593,0.00801592577058819,0.00801592577058819,-0.000561447118098415
60.1,0.0293858409311066,0.00806789785944527,0.00806789785944527,0.00157200802934947
60.2,0.0284566355431044,0.00834224375198041,0.00834224375198041,0.00388182426148703
60.3,0.000272921126290372,0.00883319825768453,0.00883319825768453,0.00590618160989096
60.4,-0.0299172061231748,0.00938016802901799,0.00938016802901799,0.00504020291705894
60.5,0.0195569910954343,0.00969570788741682,0.00969570788741682,0.00131760246403413
60.6,-0.0174900858751799,0.00989382341105113,0.00989382341105113,0.0026256158595629
60.7,0.00060940756022693,0.0100367398776606,0.0100367398776606,0.00026302562295205
60.8,-0.0314945954736262,0.0100405371576891,0.0100405371576891,-0.000181188455915857
60.9,0.025136433329099,0.00984541079202392,0.00984541079202392,-0.00367315055430919
61,-0.0129326104324029,0.00959108405965505,0.00959108405965505,-0.00144102817044993
61.1,0.0285009514854285,0.00936642226976125,0.00936642226976125,-0.00302915913955853
61.2,-0.0423074666954421,0.00919147621086877,0.00919147621086877,-0.000502001643349465
61.3,-0.0444658692981723,0.00891498102006708,0.00891498102006708,-0.00496607356989116
61.4,0.0288212689112319,0.00819999286979564,0.00819999286979564,-0.00927033770839798
61.5,0.0183440640567959,0.0074301384448228,0.0074301384448228,-0.0061617853388588
61.6,0.0215374809025877,0.00690965935670385,0.00690965935670385,-0.00426870182688096
61.7,-0.0412407697447693,0.00658777257276634,0.00658777257276634,-0.00219401566638086
61.8,-0.00143353208167116,0.00616033094199856,0.00616033094199856,-0.00629655126216373
61.9,-0.030583989838298,0.00553373830134476,0.00553373830134476,-0.00623095474023848
62,0.00992605511851304,0.00477308618034707,0.00477308618034707,-0.00893963120702807
62.1,-0.0258045906282449,0.00395135935583732,0.00395135935583732,-0.00750715850145249
62.2,-0.000511936297568829,0.00309527397515299,0.00309527397515299,-0.00957977864078603
62.3,0.0356665538024514,0.0021653559336069,0.0021653559336069,-0.00901831962339594
62.4,0.045001043943926,0.00146770541017039,0.00146770541017039,-0.00498268886505456
62.5,0.0366717869882106,0.00120470569180394,0.00120470569180394,-0.000337059332428975
62.6,0.00609228065616543,0.00134789953911012,0.00134789953911012,0.00315320339598273
62.7,-0.00161148015527297,0.00167705684400318,0.00167705684400318,0.00342359435923416
62.8,-0.00687674179146838,0.0019938809473997,0.0019938809473997,0.00291700253240303
62.9,-0.00444899584639714,0.00223566131597431,0.00223566131597431,0.00192975415120644
63,0.0209559177501448,0.00239386974214927,0.00239386974214927,0.00124226309685999
63.1,-0.0304474485143468,0.00260932982080041,0.00260932982080041,0.00304115633524545
63.2,-0.0138238726072421,0.00274680914003607,0.00274680914003607,-0.000248846251826669
63.3,-0.0151339110307298,0.00264894449526413,0.00264894449526413,-0.00168843544972644
63.4,0.0399255534385824,0.00240670585700183,0.00240670585700183,-0.00313502962776969
63.5,-0.0288059669092116,0.00229413772174988,0.00229413772174988,0.000831711908336602
63.6,-0.00962368456996067,0.00222821282912209,0.00222821282912209,-0.00211042949405495
63.7,0.0407756149197286,0.00197329610795125,0.00197329610795125,-0.00297426221235617
63.8,0.0226005474708444,0.0018813578284408,0.0018813578284408,0.00108217369954155
63.9,-0.04415779247668,0.00209069753205466,0.00209069753205466,0.00307628615469957
64,0.00128207238966497,0.0021660803425493,0.0021660803425493,-0.00150812891867717
64.1,-0.0442558552971693,0.00202223174873549,0.00202223174873549,-0.00136949283926105
64.2,-0.0310233054705321,0.00167040013899702,0.00167040013899702,-0.00560769474484144
64.3,0.0288294654586611,0.000976859945205725,0.000976859945205725,-0.00822246408148927
64.4,-0.00765144271441876,0.000325245447039134,0.000325245447039134,-0.00484937313204248
64.5,0.0303871495005367,-0.000178446418479371,-0.000178446418479371,-0.00521538637474842
64.6,0.0191877004143011,-0.00053091448756627,-0.00053091448756627,-0.00187557137988829
64.7,0.00693369840423405,-0.000616331466946849,-0.000616331466946849,0.000141053637089656
64.8,-0.0235265585056599,-0.000567538726760819,-0.000567538726760819,0.000825271122814998
64.9,-0.0419831982491604,-0.000601421486493866,-0.000601421486493866,-0.00147201169251887
65,0.0134929659313578,-0.000945650756061263,-0.000945650756061263,-0.00535789036446901
65.1,0.000129144513500654,-0.0013921642174294,-0.0013921642174294,-0.00359220192915771
65.2,-0.011350545343585,-0.00173308703813705,-0.00173308703813705,-0.0032282662940736
65.3,-0.0290403167906108,-0.00209410822726588,-0.00209410822726588,-0.00397913684088871
65.4,-0.0293778698102648,-0.00261245375438604,-0.00261245375438604,-0.00635181662781103
65.5,-0.00715367067441822,-0.0033590161898696,-0.0033590161898696,-0.00854398027129917
65.6,-0.0253047244639775,-0.00420609194242268,-0.00420609194242268,-0.00839249589284181
65.7,0.0358115673039815,-0.00512490615192597,-0.00512490615192597,-0.00995529314407314
65.8,-0.0340834771186089,-0.00589408142667964,-0.00589408142667964,-0.00548145742834207
65.9,0.0439460599646485,-0.00657198523618194,-0.00657198523618194,-0.00803689514805662
66,0.0348621033365821,-0.0071138328202319,-0.0071138328202319,-0.0028645105079349
66.1,-0.0363974008205251,-0.00720190015370039,-0.00720190015370039,0.00105167872671385
66.2,-0.0396501602292716,-0.00726054251931275,-0.00726054251931275,-0.0021809332846215
66.3,0.0391666674855757,-0.00764528422000438,-0.00764528422000438,-0.00546687938006766
66.4,0.0401190123004109,-0.00796099789413059,-0.00796099789413059,-0.000905584135268418
66.5,0.0255703225479354,-0.00783331177937314,-0.00783331177937314,0.00340082023452204
66.6,-0.0226817538354799,-0.00736322849683441,-0.00736322849683441,0.00596276680995002
66.7,-0.0232364521306091,-0.00688313562251307,-0.00688313562251307,0.00366571913573782
66.8,0.00137241840477989,-0.00662748386200224,-0.00662748386200224,0.00147440496802454
66.9,0.0174381413734898,-0.00646309602529721,-0.00646309602529721,0.00180753983470826
67,0.0294894332769843,-0.00618892286803906,-0.00618892286803906,0.00364908320279121
67.1,0.0187777581797322,-0.00567992671723815,-0.00567992671723815,0.00648873399554934
67.2,-0.00267080840897996,-0.00495162985994357,-0.00495162985994357,0.00805031186413972
67.3,0.00291354854963843,-0.00417955170704904,-0.00417955170704904,0.00739357438442413
67.4,-0.0442025656574955,-0.00344523481250237,-0.00344523481250237,0.00728805139945602
67.5,-0.0172873677646923,-0.00295216478942211,-0.00295216478942211,0.00263133353778055
67.6,-0.0219865242220514,-0.00277645013154923,-0.00277645013154923,0.000904520914693344
67.7,0.00413334892067033,-0.00278985151271968,-0.00278985151271968,-0.00114510685272906
67.8,-0.0183330909083054,-0.00287290221005426,-0.00287290221005426,-0.000523503562093213
67.9,-0.00728013314029704,-0.00300541195085314,-0.00300541195085314,-0.00210450573810879
68,-0.00966046706589687,-0.00323561639848124,-0.00323561639848124,-0.00249249143584092
68.1,-0.0207421059671514,-0.0035141024844393,-0.0035141024844393,-0.00306724576923626
68.2,-0.0271683706845746,-0.00390103870704704,-0.00390103870704704,-0.00464718714086535
68.3,-0.0343408918057842,-0.00447002474950171,-0.00447002474950171,-0.00670041426446821
68.4,0.0290060451649329,-0.00526969683442794,-0.00526969683442794,-0.00925233599118882
68.5,-0.0174476357505708,-0.00600414296433028,-0.00600414296433028,-0.00548075710088425
68.6,0.00158944210308109,-0.00660074048417523,-0.00660074048417523,-0.00643351753152424
68.7,0.0284215042263849,-0.00719471578818729,-0.00719471578818729,-0.00545409857299096
68.8,-0.0140118332443406,-0.00756259836080452,-0.00756259836080452,-0.00194724807471825
68.9,0.0276372268467281,-0.00779937670818758,-0.00779937670818758,-0.00277530435333808
69,0.0398482331707327,-0.00791237515017485,-0.00791237515017485,0.000472964298197674
69.1,-0.0314518714530224,-0.00765375088594351,-0.00765375088594351,0.00464177831289282
69.2,0.0324698051974625,-0.00734248481854014,-0.00734248481854014,0.00162122566341049
69.3,-0.00410325740470458,-0.00701089905480873,-0.00701089905480873,0.00496316460184384
69.4,-0.00660612033630549,-0.00653722330812359,-0.00653722330812359,0.0045124135013658
69.5,-0.0302283072496276,-0.00612016558764638,-0.00612016558764638,0.00383430746457587
69.6,-0.00862464145428068,-0.00588421327940818,-0.00588421327940818,0.000921610762850752
69.7,0.0388799872077554,-0.00582337451053401,-0.00582337451053401,0.000302907508377338
69.8,0.0103038223373975,-0.00559087645276621,-0.00559087645276621,0.00429192610284139
69.9,0.0217442858092613,-0.00511498867357937,-0.00511498867357937,0.00520962709465668
70,0.0350295397742972,-0.00449645338011802,-0.00449645338011802,0.00713031374239351
70.1,0.02136386547367,-0.00363032742000709,-0.00363032742000709,0.0101447924511494
70.2,0.0177035663349677,-0.00254336003524347,-0.00254336003524347,0.0115665396277179
70.3,0.000771185932186042,-0.0013403310378603,-0.0013403310378603,0.0124719425491257
70.4,-0.0299611371271638,-0.000135703433504121,-0.000135703433504121,0.0116219057134323
70.5,0.0336480614070445,0.000834785551270293,0.000834785551270293,0.00783034395247273
70.6,0.00419587895409205,0.00174843323581685,0.00174843323581685,0.0104007224165056
70.7,0.0226028839521235,0.00276332493257902,0.00276332493257902,0.00989539242285274
70.8,0.0181002204118009,0.00381681461653009,0.00381681461653009,0.0111489078388072
70.9,-0.00890318048354779,0.00496619299554828,0.00496619299554828,0.0118201316245892
71,0.0425773404690505,0.0060457951992595,0.0060457951992595,0.00978998620422613
71.1,-0.00203137272818013,0.00717839610704386,0.00717839610704386,0.0128122939762887
71.2,-0.0128849458100047,0.00838133348234754,0.00838133348234754,0.0112571655750351
71.3,-0.0402292779728634,0.00937918559515093,0.00937918559515093,0.008725321388684
71.4,-0.0116433851979666,0.00999839785928266,0.00999839785928266,0.00372049888250157
71.5,-0.00801852355166871,0.010274652925503,0.010274652925503,0.0018275413185294
71.6,-0.0239844315313019,0.0103861085610003,0.0103861085610003,0.000419418710649677
71.7,0.0053453392350914,0.010284368230559,0.010284368230559,-0.00241557531502428
71.8,-0.0377231580248026,0.0100534026098938,0.0100534026098938,-0.00220462526577617
71.9,-0.023723566099339,0.00963362929139824,0.00963362929139824,-0.00613493579048531
72,-0.0306512388197829,0.00890561125653756,0.00890561125653756,-0.00838929826177236
72.1,-0.03625007134713,0.00792917202657619,0.00792917202657619,-0.0110952677757098
72.2,-0.0307412872631367,0.00666801865296832,0.00666801865296832,-0.0140775245214585
72.3,-0.00129857762329567,0.00515037748982905,0.00515037748982905,-0.0162338986469138
72.4,0.0293900206259959,0.00357267067155493,0.00357267067155493,-0.0153192860351381
72.5,0.0412349189614393,0.00223599844870616,0.00223599844870616,-0.0114545526171352
72.6,0.0128976023914733,0.00133134068803671,0.00133134068803671,-0.00669453467123359
72.7,-0.0327763663371855,0.000748037446773588,0.000748037446773588,-0.00498940582247422
72.8,-0.00640108566674025,0.000107580211758583,0.000107580211758583,-0.00777722865758234
72.9,-0.0303684189454828,-0.000670641993414568,-0.000670641993414568,-0.00778068433378878
73,-0.0389336648265742,-0.0015639576861691,-0.0015639576861691,-0.0100479533306886
73.1,0.00163542477465736,-0.0027145021589278,-0.0027145021589278,-0.0129151173308266
73.2,-0.0316938187786783,-0.00394010377987104,-0.00394010377987104,-0.0116041821638544
73.3,0.0277338757583478,-0.00519906337336326,-0.00519906337336326,-0.013538723193068
73.4,0.0382548407600193,-0.00635147162002656,-0.00635147162002656,-0.0095529849275465
73.5,0.0449183115003896,-0.00706713835084462,-0.00706713835084462,-0.00481752913722037
73.6,0.0213318092281953,-0.00729391065917573,-0.00729391065917573,0.000216843697411218
73.7,0.0356789852605265,-0.00715150986881384,-0.00715150986881384,0.00259823171902986
73.8,-0.0192048723406857,-0.00671095238516792,-0.00671095238516792,0.00616173055879697
73.9,-0.00599651512939548,-0.00619641858435448,-0.00619641858435448,0.00415146295207333
74,-0.0392270855569392,-0.00581188324253658,-0.00581188324253658,0.00354413765436948
74.1,0.00347076066905079,-0.00564834411089348,-0.00564834411089348,-0.00022446674252042
74.2,-0.0182237667125108,-0.0056392592597366,-0.0056392592597366,0.000397790795393844
74.3,-0.000228090334294863,-0.00567603774366641,-0.00567603774366641,-0.0011129101066209
74.4,0.0424371597608392,-0.00577020115335852,-0.00577020115335852,-0.000774091266034049
74.5,-0.0200956523487698,-0.00562393704612341,-0.00562393704612341,0.00363930574767803
74.6,0.00538190246924761,-0.00535859891838852,-0.00535859891838852,0.00169122171962582
74.7,0.0400552379308745,-0.00515696410889922,-0.00515696410889922,0.00233125986537484
74.8,0.0416601453388044,-0.00472559604718953,-0.00472559604718953,0.00624038196386288
74.9,0.0336047792955422,-0.00391209472731284,-0.00391209472731284,0.00997309294854016
75,0.0359474687801262,-0.00278134910710203,-0.00278134910710203,0.0125974038837363
75.1,-0.0181163861470409,-0.00138995463285654,-0.00138995463285654,0.0151843956252598
75.2,0.0435309928936149,-1.66752700649408e-05,-1.66752700649408e-05,0.0123081008015473
75.3,0.0295735647403384,0.00137712189255246,0.00137712189255246,0.0155134867028122
75.4,0.000572670850204056,0.00300738804326705,0.00300738804326705,0.0170576608534655
75.5,-0.0307632180284464,0.00464080999728643,0.00464080999728643,0.015616384861236
75.6,-0.0095294240824313,0.0059793386326754,0.0059793386326754,0.0112018970701742
75.7,0.0301164835464731,0.00699406143977631,0.00699406143977631,0.0091119706038847
75.8,0.00369832761686367,0.00799859809747254,0.00799859809747254,0.0109459372509679
75.9,-0.0212661418706463,0.0090482114310592,0.0090482114310592,0.0100495355864391
76,-0.00866992466549057,0.00988768495492985,0.00988768495492985,0.00677658144825327
76.1,-0.0297763438228209,0.0104721409281662,0.0104721409281662,0.0049322600905091
76.2,0.0215644562474769,0.0107753437796365,0.0107753437796365,0.00117931260932119
76.3,0.00542960041998484,0.0109673235284275,0.0109673235284275,0.00263921602589071
76.4,-0.0419931578438189,0.0112204898186153,0.0112204898186153,0.00242485838142983
76.5,0.0256876979834441,0.0112216368679546,0.0112216368679546,-0.00233841285963684
76.6,0.017485571357879,0.0110948115880839,0.0110948115880839,-0.000225213566123445
76.7,-0.0440275772331,0.0111312918840026,0.0111312918840026,0.000938991819366688
76.8,-0.0137112804274266,0.0109800743267414,0.0109800743267414,-0.00389759120508254
76.9,-0.00992746711098248,0.0105123519812907,0.0105123519812907,-0.00543249154304928
77,-0.0434337164135387,0.00991679670630282,0.00991679670630282,-0.00645995083284557
77.1,-0.0160751563870911,0.00906094544115124,0.00906094544115124,-0.0105948078088416
77.2,0.0205742024200088,0.00794329099508976,0.00794329099508976,-0.0117337803313644
77.3,-0.00853610035831916,0.00689736969343115,0.00689736969343115,-0.00920958781386475
77.4,0.017134193055488,0.0059546903222671,0.0059546903222671,-0.00963053121595972
77.5,-0.0282075328663528,0.0050988285480836,0.0050988285480836,-0.0075078760200294
77.6,-0.0108988188699232,0.00422818596750516,0.00422818596750516,-0.00986627322346592
77.7,-0.0390697692545913,0.00321744452900893,0.00321744452900893,-0.0103338975329091
77.8,0.0183388471353633,0.00202714375095496,0.00202714375095496,-0.0134210347870175
77.9,-0.029864556808008,0.000822722337460068,0.000822722337460068,-0.0106937232081412
78,0.0348769054930495,-0.000351498352764731,-0.000351498352764731,-0.0127534410995123
78.1,0.0364769750108451,-0.00140553040505634,-0.00140553040505634,-0.0083767755920919
78.2,-0.0279243148304982,-0.00202894219613215,-0.00202894219613215,-0.00414272267826988
78.3,0.0360318674039512,-0.00255772267646384,-0.00255772267646384,-0.00639840298540305
78.4,0.0332894372839497,-0.00299052465347451,-0.00299052465347451,-0.00230856440850322
78.5,0.0186729609265904,-0.00304289676642498,-0.00304289676642498,0.00121458048997526
78.6,0.00125981782824215,-0.00282797555692776,-0.00282797555692776,0.0030574792737168
78.7,0.00520650568628187,-0.00252136846921812,-0.00252136846921812,0.00307191499325208
78.8,0.00515367733235521,-0.00219491175936713,-0.00219491175936713,0.00344946449926676
78.9,-0.0167564408195971,-0.00183325265090292,-0.00183325265090292,0.003776345243071
79,-0.0367281277728458,-0.00154772766592942,-0.00154772766592942,0.00195604723332369
79.1,-0.040553852123384,-0.00153489843100563,-0.00153489843100563,-0.00165146637541228
79.2,0.0302917832061833,-0.00188713098580589,-0.00188713098580589,-0.00534105209019697
79.3,0.00648337595355493,-0.0022479718996617,-0.0022479718996617,-0.0019183973834981
79.4,-0.0373144880405311,-0.00239515795375383,-0.00239515795375383,-0.00103586498119493
79.5,-0.00462340413685249,-0.00267041725682509,-0.00267041725682509,-0.00442187776060151
79.6,-0.0373171641378871,-0.00311103044228699,-0.00311103044228699,-0.00438717696287096
79.7,0.0199828583362249,-0.00370636868268294,-0.00370636868268294,-0.00747347371663981
79.8,0.00553422239794722,-0.00431772332890764,-0.00431772332890764,-0.0047843814197979
79.9,-0.0312697899399643,-0.00473969685806839,-0.00473969685806839,-0.00366647905850118
80,-0.0414050501893636,-0.00523243262926465,-0.00523243262926465,-0.00615100137813476
80.1,0.0437393076160443,-0.00601187537948435,-0.00601187537948435,-0.0093881932734912
80.2,-0.0111183094999773,-0.00668585012597853,-0.00668585012597853,-0.00415545930341066
80.3,-0.0231642363813382,-0.00712272098619212,-0.00712272098619212,-0.00457275314367125
80.4,0.0305869089174188,-0.00765722991900381,-0.00765722991900381,-0.00609270414620995
80.5,-0.0119639968756022,-0.00807476906941476,-0.00807476906941476,-0.00230510381786877
80.6,0.0419178639943748,-0.00833469652128076,-0.00833469652128076,-0.00288356591719588
80.7,0.0229436142594923,-0.00838728018476556,-0.00838728018476556,0.00177027588762459
80.8,-0.014410964541609,-0.00808520587159337,-0.00808520587159337,0.00423581729098865
80.9,-8.00203396078853e-05,-0.00772892925096551,-0.00772892925096551,0.00290449820515624
81,0.0343284793478631,-0.00743160631285902,-0.00743160631285902,0.00303770670379155
81.1,0.0306008448726372,-0.00695474008857485,-0.00695474008857485,0.00645014212083598
81.2,0.000864505655430129,-0.00616950036680527,-0.00616950036680527,0.00921129127220931
81.3,-0.00964357346809894,-0.0052657685417143,-0.0052657685417143,0.00886049191229905
81.4,-0.0292249026080393,-0.00444906710368202,-0.00444906710368202,0.00748507120492772
81.5,0.0394281928691126,-0.00386173500371091,-0.00386173500371091,0.00429915786761498
81.6,0.0192348509262398,-0.00324760462075594,-0.00324760462075594,0.00792991910357785
81.7,0.0450055093761068,-0.00238461326499281,-0.00238461326499281,0.00930438921727198
81.8,-0.0191152252246705,-0.00126630645458465,-0.00126630645458465,0.0130031087656458
81.9,-0.0296203067281356,-0.000107646628057521,-0.000107646628057521,0.010197838341446
82,-0.0177470169559157,0.000727687622067344,0.000727687622067344,0.00655051953978741
82.1,-0.0325060996404475,0.00126854752666335,0.00126854752666335,0.00429228311689902
82.2,-0.0101342853707621,0.00151940863897276,0.00151940863897276,0.000769817692233617
82.3,0.0290996620085209,0.0015403059762028,0.0015403059762028,-0.000337282861715049
82.4,-0.0247792355408978,0.0016458060261258,0.0016458060261258,0.00240977507696292
82.5,-0.0429386799427017,0.00175259088063487,0.00175259088063487,-0.000239640183623512
82.6,-0.0442559582382953,0.00151632007750476,0.00151632007750476,-0.00442795939504362
82.7,-0.0107287601935152,0.000872031424395915,0.000872031424395915,-0.00839948783091829
82.8,-0.00539615213644398,1.11327154794709e-05,1.11327154794709e-05,-0.00880589329437423
82.9,-7.78427938326385e-05,-0.000860740501184424,-0.000860740501184424,-0.00862669505163273
83,0.000852307042680402,-0.00168739880535968,-0.00168739880535968,-0.00790915021201067
83.1,0.0450830125714784,-0.00243861613923719,-0.00243861613923719,-0.00711946621884102
83.2,-0.00251417321342243,-0.0028968933210554,-0.0028968933210554,-0.00210906784975025
83.3,-0.0368259670035348,-0.00310460270728358,-0.00310460270728358,-0.00204425325017858
83.4,-0.0105963373554123,-0.00347258770180255,-0.00347258770180255,-0.00526937595422236
83.5,0.00139813019808296,-0.00402170119327589,-0.00402170119327589,-0.00570254214065102
83.6,0.0408002052174047,-0.00455269255699001,-0.00455269255699001,-0.00492325147449983
83.7,0.00643837436150408,-0.00481577999851549,-0.00481577999851549,-0.000396663143902624
83.8,-0.0122386449934183,-0.00481081219307663,-0.00481081219307663,0.000484231883574645
83.9,-0.00621181187508251,-0.00481217512842262,-0.00481217512842262,-0.00049837699522319
84,-0.0171853414774668,-0.00487855503581332,-0.00487855503581332,-0.000824321808037083
84.1,0.0252379911409729,-0.00502948325981126,-0.00502948325981126,-0.00217497517409978
84.2,-0.0248092508751911,-0.00510325403864384,-0.00510325403864384,0.000662341185124877
84.3,-0.0124063792007314,-0.00514798699657785,-0.00514798699657785,-0.00152742889182221
84.4,-0.00323906193897245,-0.00534251451628895,-0.00534251451628895,-0.00235052520169016
84.5,-0.0155270998721501,-0.00557098620407007,-0.00557098620407007,-0.0022187616207962
84.6,-0.00809793559914763,-0.00584605858410082,-0.00584605858410082,-0.00326642409247984
84.7,-0.0308878994322907,-0.00618490303669396,-0.00618490303669396,-0.00350446722270917
84.8,-0.0140022257886764,-0.00665670582848852,-0.00665670582848852,-0.00589577105110077
84.9,-0.0116708372705744,-0.00727479700500521,-0.00727479700500521,-0.00645346546799595
85,0.0304897660026486,-0.00793358879858327,-0.00793358879858327,-0.00671341440632896
85.1,-0.0415740979702142,-0.0084105316106086,-0.0084105316106086,-0.00287268026443158
85.2,0.0127780805897627,-0.00886826365057976,-0.00886826365057976,-0.00623333477525362
85.3,-0.0229081402508903,-0.0093830400114634,-0.0093830400114634,-0.00408652854000316
85.4,0.0298690950064738,-0.00986411218024552,-0.00986411218024552,-0.00551189990277914
85.5,-0.0331562346274522,-0.0102240029355041,-0.0102240029355041,-0.00173330053038334
85.6,0.000936081028208717,-0.0105269412221662,-0.0105269412221662,-0.00428886454492239
85.7,-0.0269120756249127,-0.0109086024179066,-0.0109086024179066,-0.00335364921994972
85.8,0.0165698281203962,-0.0113350757943177,-0.0113350757943177,-0.00514833388197756
85.9,0.0106474543625535,-0.0117212066803842,-0.0117212066803842,-0.0026049795822719
86,-0.0333142430994335,-0.0118909993310642,-0.0118909993310642,-0.000813348374893924
86.1,-0.017625865394903,-0.0121023118709124,-0.0121023118709124,-0.00337695801278473
86.2,0.0395625318617014,-0.012482919881699,-0.012482919881699,-0.00422077892309508
86.3,-0.0233320318355031,-0.0126652775436282,-0.0126652775436282,0.000512037294037658
86.4,0.0158911443209069,-0.0126988501109827,-0.0126988501109827,-0.00116090168496606
86.5,0.00106945176819755,-0.0127020741887886,-0.0127020741887886,0.00106674328068681
86.6,0.0390650001787185,-0.0125635231402076,-0.0125635231402076,0.00169474921104661
86.7,-0.00252483728459089,-0.0121800705846838,-0.0121800705846838,0.00591483534514236
86.8,-0.044090201333188,-0.011594748634104,-0.011594748634104,0.0057884118452002
86.9,-0.0268615611222423,-0.0112253008974675,-0.0112253008974675,0.00165261154070103
87,0.0426589147646089,-0.0111700339482623,-0.0111700339482623,-0.000518779486419204
87.1,-0.0253586094796304,-0.0109850330788576,-0.0109850330788576,0.00415493530075579
87.2,0.0298252476043385,-0.0106827511684217,-0.0106827511684217,0.001918011392359
87.3,0.0369753165799809,-0.0103274094911883,-0.0103274094911883,0.00514286047337334
87.4,-0.0296168121388804,-0.00962846669689845,-0.00962846669689845,0.00878165090851106
87.5,-0.0269448904545261,-0.00890593392173839,-0.00890593392173839,0.00570402115409451
87.6,0.00970646677026847,-0.00846768243940239,-0.00846768243940239,0.00309218307916822
87.7,-0.0236933533805795,-0.00810290578639136,-0.00810290578639136,0.0041857287626952
87.8,0.0160292105812174,-0.00779657574290614,-0.00779657574290614,0.00196789234263658
87.9,0.0376433574133791,-0.0075106172612231,-0.0075106172612231,0.00372545873480503
88,0.0362623667888436,-0.0069513832838398,-0.0069513832838398,0.00740549060314271
88.1,-0.0282893736042288,-0.00604685868684392,-0.00604685868684392,0.0106344089798183
88.2,-0.04046561297153,-0.00514867105515126,-0.00514867105515126,0.00736544769723608
88.3,0.0264736505879478,-0.00462583477441272,-0.00462583477441272,0.0031432207865645
88.4,0.0349459130180786,-0.00418389644157972,-0.00418389644157972,0.00565832638341601
88.5,0.0128769799133285,-0.00346028502840428,-0.00346028502840428,0.00876642808347301
88.6,0.0205780675528871,-0.00254739621981613,-0.00254739621981613,0.00947430197434957
88.7,-0.0358811484036794,-0.00153127250817282,-0.00153127250817282,0.0108217378688112
88.8,-0.0412725169647601,-0.00066303725360477,-0.00066303725360477,0.00659213024934763
88.9,0.0354172606839327,-0.000229302226612197,-0.000229302226612197,0.00213834330499645
89,0.0168521662069529,0.000148974673820623,0.000148974673820623,0.00538080702636517
89.1,0.0168551202822798,0.000747325576688874,0.000747325576688874,0.00656542898283966
89.2,0.0235983682681763,0.00145798743012998,0.00145798743012998,0.00762772129486554
89.3,0.0198831990479449,0.0023017471206113,0.0023017471206113,0.00921922009110743
89.4,-0.00200358895333894,0.00327819355104195,0.00327819355104195,0.0102873293427721
89.5,-0.00693126501374304,0.0042482993462672,0.0042482993462672,0.00912223801849015
89.6,-0.0248003138180224,0.00508018258711764,0.00508018258711764,0.00752972932319196
89.7,-0.0248239826035818,0.0056701479124325,0.0056701479124325,0.00430762489008798
89.8,-0.0323988010773578,0.00594916127965503,0.00594916127965503,0.00131028433565657
89.9,0.0117546742917966,0.00590280876246299,0.00590280876246299,-0.00219027153898805
90,0.02265761968978,0.00573533693768679,0.00573533693768679,-0.00117135574950435
90.1,-0.0372907194907076,0.00571918118445818,0.00571918118445818,0.000821798330930784
90.2,-0.0173506771105994,0.00560267142153422,0.00560267142153422,-0.00309874564156662
90.3,0.0279885336110891,0.00520703053485295,0.00520703053485295,-0.00478824712371706
90.4,0.0270507982640742,0.00487079728776315,0.00487079728776315,-0.00197117910022013
90.5,0.00301716239722489,0.00480132566797513,0.00480132566797513,0.00054872488553666
90.6,0.00457060051146466,0.00485701737741408,0.00485701737741408,0.000564435726056863
90.7,0.0166147683679151,0.00492164318749688,0.00492164318749688,0.000725395678300078
90.8,0.0255319507466487,0.00506019008217991,0.00506019008217991,0.0020270314993519
90.9,-0.00331357207828105,0.00536679111016275,0.00536679111016275,0.00407512456549321
91,0.0159795126364598,0.00572891406122625,0.00572891406122625,0.00317630185675079
91.1,0.0217736288017487,0.00609775144937486,0.00609775144937486,0.00418393639979131
91.2,-0.0442234763917396,0.00659065038152111,0.00659065038152111,0.00565038107913598
91.3,0.045115547303793,0.00690193843939729,0.00690193843939729,0.000639600487984985
91.4,0.0237127558468723,0.00716614866217763,0.00716614866217763,0.00458973070442736
91.5,0.0346570263700644,0.00770485196403055,0.00770485196403055,0.0061589224316343
91.6,-0.0241255564398415,0.00844619388077498,0.00844619388077498,0.00862880446201812
91.7,-0.0426313958947837,0.00913678993586415,0.00913678993586415,0.00522277821488987
91.8,0.0450728383736096,0.00940857035134526,0.00940857035134526,0.000276519385230448
91.9,0.0260222448518253,0.00963160778201796,0.00963160778201796,0.00413097480412133
92,-0.0325331192833792,0.0101315001568561,0.0101315001568561,0.00583991972083311
92.1,-0.0124187080598904,0.0105092715936906,0.0105092715936906,0.00176667419275391
92.2,0.0102968515419718,0.0105928946149077,0.0105928946149077,-7.04146235505174e-05
92.3,-0.0267393385068872,0.0106104714207381,0.0106104714207381,0.000415327322355444
92.4,-0.0324149391397655,0.0104943833130862,0.0104943833130862,-0.00269465320229963
92.5,0.0158530980574967,0.0100523186695633,0.0100523186695633,-0.00609758079213838
92.6,0.0370593682118112,0.00951949914420263,0.00951949914420263,-0.00457467626790429
92.7,0.0167621021600653,0.00923742918492809,0.00923742918492809,-0.0011105633330024
92.8,0.035924636972358,0.00918989307632701,0.00918989307632701,0.000143515235212263
92.9,-0.0348342754359963,0.00935616423090863,0.00935616423090863,0.00314055931069481
93,0.0300416402846886,0.00946541744075003,0.00946541744075003,-0.000902494912203139
93.1,0.0330939386206381,0.00950194130450059,0.00950194130450059,0.00159930844935117
93.2,-0.0409810874467478,0.00979346709149053,0.00979346709149053,0.00419417763407748
93.3,0.0391594586678259,0.00997291103085207,0.00997291103085207,-0.000543619756290624
93.4,0.0173576500902766,0.0100870395665324,0.0100870395665324,0.00278090970211194
93.5,-0.0174019944786402,0.0104140112948423,0.0104140112948423,0.00374297189776399
93.6,0.0300139968102605,0.0106633841423217,0.0106633841423217,0.00127531111106871
93.7,-0.00341591419710424,0.0109059807947303,0.0109059807947303,0.00354434474861318
93.8,0.0443262944577707,0.0112031573718828,0.0112031573718828,0.00241181172701715
93.9,-0.0249783139102406,0.0116232341935594,0.0116232341935594,0.00593918962112484
94,0.0127591237134002,0.012043678939566,0.012043678939566,0.0025119015899456
94.1,-0.0235413002031712,0.0123176752606097,0.0123176752606097,0.00295976964916942
94.2,-0.00568061564355667,0.0124573269899136,0.0124573269899136,-0.000126742831577338
94.3,-0.00950293216633553,0.0123871908520499,0.0123871908520499,-0.0012602807261727
94.4,0.0401886178406988,0.0121897737207069,0.0121897737207069,-0.00266765073704793
94.5,-0.0449316753182138,0.0120995573862098,0.0120995573862098,0.000817602994606079
94.6,0.0430639849271061,0.0119299266274428,0.0119299266274428,-0.00414266375539367
94.7,-0.0281783864237243,0.0117127004646361,0.0117127004646361,-0.000251928902028752
94.8,0.0346884041847169,0.0115228527409697,0.0115228527409697,-0.00350013157651941
94.9,-0.0243449672515976,0.0113275498418765,0.0113275498418765,-0.000445035971134026
95,-0.0148454560918182,0.0111387547234257,0.0111387547234257,-0.00329134014280595
95.1,0.00336840038392394,0.0107233408245152,0.0107233408245152,-0.00499081510805532
95.2,-0.0107189203086094,0.0102343984665171,0.0102343984665171,-0.00478667959748029
95.3,0.00184596045829369,0.00969768118480184,0.00969768118480184,-0.00592797530811975
95.4,0.0165049532116771,0.00911383443066884,0.00911383443066884,-0.00574651412609065
95.5,0.0216730142772185,0.00862018259648916,0.00862018259648916,-0.00414377995923167
95.6,0.0450390094534243,0.00830678825920915,0.00830678825920915,-0.00214810581289011
95.7,0.0429988851468773,0.00829951892991969,0.00829951892991969,0.00194815965379025
95.8,0.0178922326460392,0.00867567932624874,0.00867567932624874,0.00552422987903614
95.9,0.0234563258837806,0.00927211372378872,0.00927211372378872,0.00638797066638105
96,-0.0232866383895474,0.00997711886519376,0.00997711886519376,0.00768891035287359
96.1,0.0233637144005666,0.0105778195787687,0.0105778195787687,0.00436442729633659
96.2,-0.00629923158589182,0.0110848865835333,0.0110848865835333,0.00575415650475626
96.3,0.0241598052471199,0.0115797899620311,0.0115797899620311,0.00416102992873792
96.4,0.0252510043607933,0.0120687621945139,0.0120687621945139,0.00559521641371774
96.5,-0.0161630267313197,0.0126995726630276,0.0126995726630276,0.00699704416728503
96.6,-0.0222428866633178,0.0132618843693524,0.0132618843693524,0.00428072391397925
96.7,0.00370173157566201,0.0135324019544979,0.0135324019544979,0.00116886743732415
96.8,-0.0450034146953545,0.0136297262646234,0.0136297262646234,0.000781966733745213
96.9,-0.0404925714816986,0.0134526005009684,0.0134526005009684,-0.00425583132260529
97,-0.0290682579106548,0.0128141092231503,0.0128141092231503,-0.00845271183327524
97.1,0.0151198666661206,0.011829773672867,0.011829773672867,-0.0111893064503072
97.2,-0.0365311006801763,0.0108001291764182,0.0108001291764182,-0.00941861395784988
97.3,0.0208546253127151,0.00969162094788793,0.00969162094788793,-0.0126985777850463
97.4,0.0392797306415792,0.00855016553983989,0.00855016553983989,-0.0101549357317066
97.5,0.004107029631375,0.00774542002593937,0.00774542002593937,-0.00598882003219994
97.6,0.0206255733178821,0.00717148702392952,0.00717148702392952,-0.00549168619349359
97.7,0.0180611787700629,0.00672708807022115,0.00672708807022115,-0.00342021096921983
97.8,0.0380957773334354,0.00647020140246023,0.00647020140246023,-0.00173781500573234
97.9,-0.0201598973643026,0.0064730050213004,0.0064730050213004,0.0017473918074714
98,-0.0195371195367621,0.00652692078156794,0.00652692078156794,-0.000637722458152618
98.1,0.00598837752354463,0.00635470713560841,0.00635470713560841,-0.00277659536444556
98.2,-0.00620908013903754,0.00610176795325981,0.00610176795325981,-0.00228661398226413
98.3,-0.0185378001825278,0.00583712619089632,0.00583712619089632,-0.00299457590977919
98.4,0.0374303203406453,0.00544513952098111,0.00544513952098111,-0.00481758279247568
98.5,-0.0201522305173579,0.00515146561907112,0.00515146561907112,-0.00110297904179602
98.6,-0.0112901914520004,0.00493492938323315,0.00493492938323315,-0.00319800588137473
98.7,0.0284960639345487,0.00456088016416595,0.00456088016416595,-0.0042656257108255
98.8,-0.0147398020881938,0.00427887416559908,0.00427887416559908,-0.00141021864375757
98.9,0.00255583084192555,0.00406130273859918,0.00406130273859918,-0.00291927488629332
99,-0.0106800004334075,0.00378353699482997,0.00378353699482997,-0.00263748278206904
99.1,0.0180152658592533,0.00346908376834545,0.00346908376834545,-0.00363565164855099
99.2,-0.0104131825398927,0.00319921484369552,0.00319921484369552,-0.00178416594634357
99.3,0.0148327046587603,0.00296942165047164,0.00296942165047164,-0.00279628725909277
99.4,-0.0315601135178872,0.00276587787876838,0.00276587787876838,-0.00129293787747835
99.5,0.0395666717164543,0.00248138130562138,0.00248138130562138,-0.00435380877555638
99.6,-0.0206444204309991,0.00224985199336675,0.00224985199336675,-0.000328521816405113
99.7,0.0228221265548003,0.00211234848261242,0.00211234848261242,-0.00239287618655503
99.8,-0.00980706615682946,0.00198851456779363,0.00198851456779363,-0.000113168115852358
99.9,0.0237118036677419,0.00192507465883545,0.00192507465883545,-0.00114139094945106
